	Bandpower Delta	Bandpower Theta	Bandpower Alpha	Bandpower Beta	Bandpower Gamma	Error Delta	Error Theta	Error Alpha	Error Beta	Error Gamma	std_dev	autocorr	type
0	0.5291043996237851	0.24218831643849933	0.12148604869892361	0.07963214546974606	0.027589089769045876	1.1218	3.4894	2.7458	0.5835	-0.2983	16.001447661722796	42443.32891240495	normal
1	0.7158990407510715	0.1659296550785768	0.04571739574120688	0.050343560786448055	0.022110347642696784	0.3847	0.2687	-0.7194	-0.7522	-0.9401	46.69510599558121	621087.8229187976	normal
2	0.7190736904409589	0.14871263687481506	0.05548978987866233	0.04957087895827168	0.027153003847292103	-0.1588	-0.2515	-0.5635	-0.9347	-0.5468	5.857183861310477	9433.892903903388	normal
3	0.6189745164261591	0.16911268038071844	0.09155664722136937	0.08210009210930305	0.03825606386245011	0.0344	0.8293	1.0149	-0.094	0.5604	63.06806876860696	880977.8434346117	normal
4	0.47200852720363334	0.1331448697747706	0.1362962276392622	0.1677634627861711	0.09078691259616276	0.3254	0.7987	4.128	4.2804	5.7093	10.980932187581615	20421.993132706524	normal
5	0.7131653381331962	0.11256106968372331	0.05914116739521728	0.07791205965543842	0.037220365132424785	0.8678	-0.7412	-0.1394	-0.0898	0.1111	45.95863772648295	517298.2074974985	normal
6	0.7508939213349225	0.1430274135876043	0.03972983710766786	0.04794067010991922	0.018408157859886108	1.2847	-0.1823	-0.8448	-0.8271	-1.0682	80.05580454120553	1618664.2751523268	normal
7	0.7987465181058497	0.1146703806870938	0.03350355926957599	0.032884555865057265	0.020194986072423402	0.1741	-1.1446	-1.2179	-1.1333	-1.0447	170.28862975580478	9551983.570544112	normal
8	0.507185906351414	0.1125985164580436	0.15554010199350954	0.1863120074177098	0.03836346777932313	-0.9022	-0.4041	3.7672	2.3778	0.5213	32.29289551387113	257438.0289214314	normal
9	0.5596499809772271	0.18359693461601173	0.09092885482906679	0.09310288602641448	0.07272134355127996	0.3689	1.5443	1.3937	1.2781	4.0592	31.598176490095387	234841.35720086045	normal
10	0.4378541076487251	0.22162712464589235	0.1154833569405099	0.16240262039660056	0.06263279036827193	0.8455	3.9945	2.9568	6.8896	3.9099	44.78125540860848	356564.17563557776	normal
11	0.6565126050420168	0.16143644957983194	0.05022321428571429	0.09683560924369748	0.034992121848739496	0.1529	0.3133	-0.5014	1.0775	-0.1051	37.089773142460565	348713.9876152791	normal
12	0.7120545222206446	0.1405651000993895	0.046074116143688774	0.06403521226749966	0.037271049268777515	0.0076	-0.4242	-0.765	-0.0326	0.0652	42.36897523732799	468318.5286013547	normal
13	0.2250512895662368	0.1661415592028136	0.28015093786635403	0.28337485345838215	0.04528135990621336	-1.8976	3.5633	14.6206	9.0926	2.2382	14.061897107740311	33256.133004518364	normal
14	0.5771321780496093	0.2035338090383962	0.09904858987427796	0.08126628157209197	0.03901914146562465	0.2241	1.9793	1.3817	0.2309	0.5591	30.732982092274135	216979.55586792505	normal
15	0.6277708071936428	0.16723427137479832	0.11256497580211507	0.0688892872079823	0.023540658421461427	0.3655	0.7425	1.5208	-0.0455	-0.6301	55.672862365605354	845595.7703138695	normal
16	0.6851294400963274	0.09173690547862731	0.10084286574352798	0.09519867549668873	0.02709211318482841	-0.6682	-1.4392	0.6708	-0.1896	-0.7128	61.7954968925439	1070086.5640192123	normal
17	0.49009284420289856	0.19180253623188406	0.15862771739130435	0.14379528985507248	0.01568161231884058	-0.7486	1.7432	4.0073	1.4268	-1.0763	63.24697559429574	1062430.9452133202	normal
18	0.3401659751037344	0.15145228215767634	0.265850622406639	0.2167634854771784	0.025767634854771782	-0.828	2.3393	11.8244	4.896	0.197	61.59920117219549	666923.506308751	normal
19	0.6441462285978714	0.15217822436702585	0.06266939908772394	0.09935876247768889	0.04164738546968996	0.195	0.0523	-0.065	0.2149	0.5205	32.69273052492949	264338.0903641773	normal
20	0.7126860481290861	0.10356099596605926	0.05515370705244123	0.0838781471692864	0.044721101683127	-0.0115	-1.1277	-0.4299	0.0033	0.5631	36.97878035347485	331725.01580142113	normal
21	0.5594357199893533	0.23774287995741286	0.09566143199361193	0.0789459675272824	0.028214000532339634	1.1457	3.1645	1.3795	0.0574	0.2717	54.7407212012635	569911.8450732484	normal
22	0.47164210197385553	0.12999322951929587	0.08744336232487891	0.18868808916202282	0.12223321701994688	-0.4773	0.2291	1.5373	4.6276	6.5035	15.15864449969195	47912.269829941295	normal
23	0.3747558487781588	0.15334866964712013	0.10312947610573378	0.30504796215113505	0.06371804331785236	-0.5386	1.7341	3.2848	7.4619	3.3991	66.68808813024819	822605.7271019565	normal
24	0.5741218495733279	0.13660117748230466	0.05285440232850432	0.15962161804590855	0.07680095256995434	-0.8207	-0.4284	-0.3045	1.7205	3.0143	57.20742262045898	920425.909865234	normal
25	0.6285617597292725	0.20040609137055837	0.04825719120135365	0.08372250423011846	0.03905245346869713	-0.2723	0.8465	-0.6334	-0.2286	0.4678	129.70606006631107	4769887.636375547	normal
26	0.43463671529104725	0.23633313137903716	0.1279768840005593	0.18362306007363569	0.01743020925572075	-0.204	4.6786	3.4088	2.6927	-0.853	40.69903681911713	314934.85952794785	normal
27	0.8342712666177309	0.09795285865753199	0.017779952695538698	0.02887203327624174	0.021123888752956524	0.1506	-1.5723	-1.6273	-1.4511	-0.9501	25.6100518893004	195571.14229297248	normal
28	0.5806067479444287	0.1588885738588035	0.07530479160759852	0.13189679614403174	0.05330309044513751	0.6506	0.8049	0.7747	1.8787	1.433	41.647042229084555	392869.757660962	normal
29	0.5487905216389666	0.1864406779661017	0.07942515495584444	0.14382096429159125	0.04152268114749603	0.7336	1.6156	1.0991	2.3977	0.6708	70.12758107225731	1103759.2868170373	normal
30	0.74009382894262	0.1606640202093107	0.02988090941898231	0.05463731504871887	0.014723926380368098	0.3106	-0.0786	-1.2185	-0.8886	-1.2824	124.34553346181704	4343809.096057002	normal
31	0.7186637031050043	0.14790866841786218	0.040277497137468844	0.056442378931770724	0.03670775240789385	0.6459	-0.1235	-0.838	-0.5325	-0.0058	46.65988071162231	530242.7097382088	normal
32	0.7747767214059349	0.14217804667242867	0.035796600403341976	0.03082685105157015	0.016421780466724288	0.6904	-0.4276	-1.0553	-1.3677	-1.174	95.45132494411759	2493650.6138231508	normal
33	0.4174846625766871	0.2507887817703769	0.12581069237510956	0.1177475898334794	0.08816827344434706	0.3088	5.0277	3.4784	2.7512	7.936	26.967855243274936	114510.4567790796	normal
34	0.6538740920096852	0.15641646489104116	0.0647094430992736	0.08232445520581114	0.042675544794188856	1.0105	0.4579	0.0257	0.5669	1.1275	76.08357645573761	1613648.2028605295	normal
35	0.635261128636523	0.11798107255520504	0.04780932351910269	0.09162285313704872	0.10732562215212058	-0.2734	-0.8049	-0.6767	0.4267	6.0285	41.488248834694275	489257.34553729655	normal
36	0.7408730442237622	0.11209544902479104	0.03365006787168679	0.04772451239551333	0.06565692648424662	0.4773	-0.9992	-1.1472	-0.708	3.1702	103.2460308880943	3005780.749597508	normal
37	0.7760695187165775	0.11861259655377303	0.044711824123588824	0.03988413547237076	0.02072192513368984	0.3756	-0.9386	-0.816	-1.2051	-0.9049	121.36247709786534	4206683.02224621	normal
38	0.736797153024911	0.14049822064056938	0.05274021352313167	0.04903914590747331	0.02092526690391459	0.4239	-0.3726	-0.5662	-0.9417	-0.8946	114.36700501900471	3557031.8404516266	normal
39	0.7032504276878536	0.15396762731938413	0.07658902487169364	0.04546650875115146	0.020726411369917094	0.4345	0.137	0.2397	-0.8804	-0.8992	42.71579441342486	498816.1318756183	normal
40	0.7712276906435911	0.11867418681913001	0.052847098817893845	0.03731746890210925	0.019933554817275746	-0.0438	-0.9397	-0.7302	-1.2387	-1.0842	66.56824335352961	1347846.2001052566	normal
41	0.9097222222222222	0.03293650793650794	0.03988095238095238	0.013095238095238096	0.004365079365079365	-3.1416	-3.0551	-1.7231	-1.9867	-1.9349	17.03774689092948	328399.43779227947	normal
0	0.5648669471937414	0.13240087714099447	0.0885438274165827	0.14769157826112725	0.06649676998755408	-0.3502	-0.0498	1.0118	2.547	1.9384	22.21175897039173	130161.20511987121	abnormal
1	0.37111969782486004	0.17535709634003388	0.3003082533755916	0.13020448921113187	0.023010463248382757	-0.7278	2.583	11.9768	2.3723	-0.1848	24.53255297037925	103848.78861882324	abnormal
2	0.31635950427896736	0.14772202691665778	0.16686197223109975	0.3350023081566706	0.03405418841660452	0.1635	2.771	8.3406	13.3507	0.817	69.49657181077178	625297.2698378514	abnormal
3	0.6444732500589206	0.1790596276219656	0.06098279519208107	0.10116662738628328	0.014317699740749468	1.1359	1.1571	0.1199	0.952	-1.3698	63.57956151328751	865945.110613175	abnormal
4	0.5176241480038949	0.17444011684518015	0.08563777994157742	0.19591041869522882	0.026387536514118792	1.1605	1.9609	1.7734	4.9001	-0.4685	42.16285705634354	349260.5982846499	abnormal
5	0.28698007351518673	0.2237570129618882	0.2986651189785259	0.16014703037337977	0.030450764171019544	-1.0708	5.2014	15.3517	4.1146	0.663	27.218643673245236	108646.58761239563	abnormal
6	0.44468032584547024	0.2851147864724759	0.10234509997531474	0.1297951123179462	0.03806467538879289	0.1876	4.5734	2.3324	2.5234	0.6355	15.20255532694506	39206.97626615168	abnormal
7	0.2805620046433432	0.345448723080618	0.19562084700984708	0.13545752942118322	0.0429108958450084	-1.2473	8.9895	7.9228	3.98	1.7133	6.643391789854373	6609.259434929905	abnormal
8	0.47789373814041747	0.2391840607210626	0.08211574952561669	0.14644212523719163	0.05436432637571157	0.9822	3.8272	1.5902	3.4587	2.0891	11.153666813616757	26592.171101362535	abnormal
9	0.5498862343572242	0.32110352673492604	0.05369738339021615	0.05420932878270762	0.02110352673492605	0.5499	4.6668	-0.1862	-0.4275	-0.6332	18.477158187822415	83419.16971322887	abnormal
10	0.5161856574939336	0.2562341886519696	0.09060870463111156	0.0936548092312458	0.043316639991739375	0.8107	3.7472	1.5381	1.1398	0.7449	12.38439076231212	30296.358373508167	abnormal
11	0.5008023267475679	0.26195968308093465	0.08364256343395847	0.11016949152542373	0.04342593521211513	0.3598	4.0717	1.4053	1.8951	0.8181	26.271989703362685	135203.13783509648	abnormal
12	0.47059103454839624	0.2323213096031217	0.15875130865137524	0.12301322927572093	0.01532311792138574	0.5035	3.8795	5.0984	1.3162	-0.9893	30.655706639028136	162313.20088852564	abnormal
13	0.5904910540103674	0.19369042974193193	0.11365029819965444	0.08371885625104511	0.018449361797001285	0.9381	1.8865	2.1467	0.2441	-0.9094	11.946907948073276	29464.617005171745	abnormal
14	0.583757750221435	0.24097652790079718	0.0691430469441984	0.06410540301151461	0.04201727192205491	1.0536	2.9615	0.4093	0.2761	0.8004	23.98041626775328	122501.68000955097	abnormal
15	0.677502930109185	0.1499599037690457	0.04342730244895441	0.06810190611313305	0.06100795755968169	1.0538	0.2693	-0.6265	0.0773	1.7795	48.49378964639711	570449.1419669786	abnormal
16	0.7277895293495504	0.16902432575356952	0.026308831306187202	0.04230565838180857	0.03457165520888419	1.2724	0.4641	-1.2489	-0.8618	-0.0364	81.19722342152639	1773458.6656357686	abnormal
17	0.5464320102706751	0.23381833743447095	0.1035626404193859	0.08992190007489034	0.026265111800577726	0.9471	3.0734	1.9244	0.8012	-0.3176	75.49879307138715	1077647.3328311876	abnormal
18	0.5316292943838716	0.21096482205307548	0.10311664266611809	0.12626002880065829	0.028029212096276485	1.0011	2.8968	2.2838	2.1557	-0.2407	107.93420357268528	2054935.4705657507	abnormal
19	0.649534809111325	0.1834456207892204	0.07821623355790824	0.06576836701957009	0.02303496952197626	-0.0387	0.7393	0.4649	-0.4949	-0.7995	28.872459196064455	216601.11110409515	abnormal
20	0.6973909606008698	0.15818948478060352	0.06357886414547372	0.06832257214389248	0.01251811832916063	0.5872	0.152	-0.009	-0.5133	-1.4281	44.83672046245623	582523.223771329	abnormal
21	0.7595376595905418	0.12510387550049107	0.05091788169524818	0.04117247110372441	0.023268112109994715	0.0371	-0.8962	-0.7717	-1.1609	-0.9075	49.36136610713656	860543.3909189907	abnormal
22	0.5334100779655696	0.1787975511485532	0.12971587044110722	0.10967505625032704	0.04840144419444299	0.4395	1.7221	2.9493	1.3149	1.4279	43.817798280490116	366863.88374692196	abnormal
23	0.7331645223104298	0.12202299479879551	0.07267998905009582	0.05009581166164797	0.022036682179030934	0.4674	-0.6981	0.0477	-0.8523	-0.8398	48.360382345141225	625389.5740817989	abnormal
24	0.667757774140753	0.14173486088379705	0.09617021276595746	0.07410801963993453	0.020229132569558102	0.5631	-0.0923	1.0466	-0.32	-0.9779	56.06109418545202	864671.7611675877	abnormal
25	0.6539172942264501	0.1683181397806844	0.0664552781080724	0.07510899722552518	0.036200290659268074	0.2255	0.2469	0.0314	-0.2542	-0.1896	46.20682677594321	560973.4927458534	abnormal
26	0.6392629340892985	0.15495135622704723	0.057728239159847955	0.10398814509374396	0.044069325430062506	-0.0296	0.2163	-0.2038	0.802	0.4644	25.444159466439157	181910.77855180684	abnormal
27	0.8028734744322572	0.10937741387301098	0.04063031052062413	0.035918430403213346	0.011200370770894485	0.345	-1.1983	-1.0487	-1.3505	-1.5317	95.37291107674253	2727616.2722036904	abnormal
28	0.6284159762581922	0.19475701743539017	0.07128725114381107	0.07883022134289602	0.026709533819710654	0.2804	1.247	0.3101	0.0091	-0.4678	17.54640277761775	86434.4746400766	abnormal
29	0.7190719842994323	0.12861849022219107	0.0922408354944978	0.051026845167169	0.009041844816709891	0.4268	-0.4738	0.484	-1.0356	-1.5394	12.91819424881033	53675.030718307156	abnormal
30	0.7626531883957627	0.15322301460915322	0.03821920653603822	0.0357958872810358	0.010108703178010109	0.7783	-0.1273	-0.9772	-1.3167	-1.4929	106.8014089824167	3042899.67604584	abnormal
31	0.7830654645237163	0.09737357898863193	0.04296354370834967	0.045864366914935326	0.03073304586436692	0.0398	-1.4942	-0.9654	-1.0204	-0.5202	23.39551486041303	173468.61429684854	abnormal
32	0.4882194547290474	0.2578817457646135	0.11853472455963197	0.08145405587344327	0.05391001907326377	-0.571	4.0291	2.2029	0.4177	2.2107	16.26274058077559	61143.143459556566	abnormal
33	0.4298908051842025	0.4075415858761098	0.11205225022961526	0.04301459332584957	0.00750076538422288	-0.445	8.518	2.2766	-0.9257	-1.4898	27.060094464941507	147039.17000812505	abnormal
34	0.5745581421952755	0.22948006635016877	0.06732254189784363	0.07430074929931935	0.054338500257392904	0.065	2.374	0.3648	0.256	2.1639	28.077793149782764	184539.44636760192	abnormal
35	0.6069648717637048	0.1636076334022122	0.09997568980187188	0.08174304120578582	0.04770876382642518	0.1823	0.6653	1.2931	0.3235	1.0721	24.04949586245114	142286.98475129512	abnormal
36	0.588575180564675	0.24464871963230464	0.07872619829284307	0.06086671043992121	0.02718319107025607	-0.4751	2.0739	0.3101	-0.3177	-0.6573	37.541750711918205	380582.15143078245	abnormal
37	0.5115945738418224	0.27734834911696954	0.10606603532121832	0.07110314819554646	0.033887893524443304	0.377	4.7473	2.1708	0.2112	0.6556	37.44115149413076	273374.2016517622	abnormal
38	0.37581395348837204	0.3196744186046511	0.165953488372093	0.09720930232558138	0.041348837209302325	-1.1108	7.2114	5.103	1.2099	1.8962	30.56541941187708	173966.84234653937	abnormal
39	0.37581395348837204	0.3196744186046511	0.165953488372093	0.09720930232558138	0.041348837209302325	-1.1108	7.2114	5.103	1.2099	1.8962	30.56541941187708	173966.84234653937	abnormal
40	0.4511396517589726	0.32600639626376976	0.12985430732524494	0.0698004974871821	0.0231991471648307	-0.3046	6.5105	3.0577	0.0194	-0.2797	39.5412666087197	284719.207463662	abnormal
41	0.6047183761258234	0.2673074337948649	0.0832101088856029	0.03757225433526011	0.007191826858448716	-0.4927	2.6169	0.3448	-1.3026	-1.6425	58.60232386154353	831143.4095494152	abnormal
42	0.33324040516680603	0.4037264194777437	0.18292909580893968	0.06597899823436483	0.014125081312145711	-1.3058	9.3468	5.5232	-0.1257	-0.9531	27.322350705719884	136361.28371090654	abnormal
43	0.34536223393868387	0.1833626244874048	0.10423745362233941	0.26858035539933606	0.09845733255223589	-0.4706	3.3942	3.773	6.051	9.9602	52.17304070742208	415107.01558655896	abnormal
44	0.7782564252336448	0.1450788551401869	0.026942172897196262	0.03365946261682243	0.01606308411214953	0.7284	-0.4266	-1.337	-1.3782	-1.1805	74.96120986684795	1557084.4652883378	abnormal
45	0.8213533130414425	0.1154296417700773	0.024194177788183883	0.027237961445407015	0.011784905954889568	0.6012	-1.1371	-1.4652	-1.6115	-1.4264	114.18944459413756	4062062.4103863677	abnormal
46	0.4584109538002981	0.14213859910581225	0.1439549180327869	0.17208457526080478	0.08341095380029807	-0.0733	1.2445	4.1135	3.7381	4.6646	20.496582556060225	75547.98533840168	abnormal
47	0.6044766787545329	0.08815805927222709	0.11779417281480556	0.13936476178566962	0.050206327372764786	-0.338	-1.1569	1.7957	0.8354	1.3138	32.99292700234812	287749.9000438183	abnormal
48	0.6340417481238569	0.1265687078261966	0.10487481869206028	0.08179352967143848	0.05272119568644762	-0.0359	-0.3416	1.1465	0.2996	1.2555	21.310692510108044	130331.69926341667	abnormal
49	0.4831262887894181	0.16099180204194538	0.09249107277573808	0.1745712417643213	0.08881959462857718	-0.0491	1.3681	1.8121	4.5842	3.8834	24.445828715629762	131144.39273374676	abnormal
50	0.5142281541173508	0.11931503399647445	0.09654998740871318	0.17375975824729287	0.09614706623016872	0.248	0.1631	1.9781	4.5774	4.6594	21.11725985817848	96037.671056527	abnormal
51	0.691358024691358	0.10585908191801377	0.09419548461905736	0.08062205852261099	0.02796535024895982	0.0511	-1.0101	0.7396	-0.2148	-0.4336	27.24873436626709	168182.94969919403	abnormal
52	0.7354536127803019	0.0776051590209585	0.04748644291367433	0.09086911915579655	0.04858566612926864	-0.142	-1.739	-0.6951	0.3174	0.4796	25.226075898112892	178722.228271265	abnormal
53	0.6353601859024013	0.14459075651949393	0.06003098373353989	0.10566744126000517	0.05435063258455977	-0.0039	-0.0334	-0.1662	1.1286	0.8159	24.815495683441466	155672.31670152862	abnormal
54	0.6047826888793262	0.17114403393373084	0.0815761972090736	0.09128911292801377	0.051207967049855536	0.1905	0.7879	0.7288	0.4058	1.3841	24.861540672601613	146268.0644444803	abnormal
55	0.6311839577329491	0.17921469740634008	0.046409702209414025	0.082492795389049	0.06069884726224784	0.8383	0.9543	-0.4918	0.5249	1.9135	22.716523734824936	121834.06972408552	abnormal
56	0.7148795265605185	0.11371001831759897	0.045230379033394386	0.076793011131464	0.04938706495702409	0.1729	-0.9209	-0.7539	-0.094	0.6652	25.495236219504573	181500.96188768125	abnormal
57	0.7387177218244712	0.16692140616201434	0.05719572037647816	0.028155417906845795	0.009009733730190653	-0.669	-0.1554	-0.6461	-1.5001	-1.6234	34.029746836511414	319371.91138501046	abnormal
58	0.7077894736842104	0.11536842105263156	0.09712280701754385	0.0664561403508772	0.013263157894736841	-0.1805	-0.9026	0.7942	-0.7802	-1.3752	139.91070844887537	4886912.284271248	abnormal
59	0.6687015885519233	0.12130760141788105	0.09984245766049626	0.09485361690954443	0.015294735460154916	0.1133	-0.5595	1.0831	-0.0645	-1.1882	141.8556125447046	4977064.9889160115	abnormal
60	0.6835025715416062	0.15488592905182647	0.09336674139522617	0.05611235658710273	0.012132401424238428	0.2286	0.1374	0.8743	-0.6779	-1.2963	37.44327235078362	376038.8503016847	abnormal
61	0.7701759949262724	0.12985571587125416	0.05057872205485967	0.035357539242111935	0.014032027905501824	-0.3721	-0.9796	-0.7642	-1.3774	-1.3504	54.56667016986231	802453.8374870421	abnormal
62	0.3838565397316391	0.18689127617773693	0.12619654725577897	0.26430631609747945	0.03874932073736572	-0.3973	3.1583	4.7488	6.0449	0.8317	58.85082082280523	579385.2618282965	abnormal
63	0.6619820341929876	0.14075630252100843	0.10192697768762678	0.08019414662416692	0.015140538974210374	-0.5974	-0.3133	0.8692	-0.4638	-1.3124	62.90593865075559	1107966.4295728295	abnormal
64	0.7475022706630335	0.11920980926430516	0.05351195882531032	0.05578262185891613	0.023993339388434752	-0.1279	-0.9921	-0.6024	-0.8568	-0.8012	39.63507775754511	466831.8169334707	abnormal
65	0.7452415812591509	0.14745869065049153	0.058286272049083175	0.04106532803458133	0.00794812800669316	0.5007	-0.1479	-0.3682	-1.2066	-1.6066	79.36263145274245	1731146.907238857	abnormal
66	0.47795861176977794	0.3115973270101315	0.14232593231299848	0.059495580944169	0.008622547962923043	-0.3476	5.5397	3.1494	-0.4907	-1.4997	65.81716334188498	917988.5658168475	abnormal
67	0.4396970285492328	0.34268790056321613	0.10128180229170712	0.0883181200233055	0.028015148572538357	-0.1382	7.055	2.1734	0.7867	0.1707	28.64118512239608	161364.65648397108	abnormal
68	0.7228573361293377	0.16011634986132717	0.0609483866603531	0.045728201312318195	0.010349726036663735	0.5388	0.1788	-0.2382	-1.0497	-1.4533	51.64645926907668	723427.2789078772	abnormal
69	0.4291535092187023	0.3348782723846389	0.14943465417133545	0.0743608026892126	0.01217276153611083	-0.6689	6.6128	3.7383	0.0254	-1.2083	50.61694950525256	523093.39416134666	abnormal
70	0.9631563245823388	0.02356801909307876	0.007458233890214796	0.00402744630071599	0.001789976133651551	-2.2741	-3.0686	-1.9859	-2.0496	-1.9722	40.92620046221773	556122.9404418825	abnormal
71	0.8604513765804088	0.08058608058608059	0.031076450431289145	0.02056008507621411	0.007326007326007326	-1.6964	-2.2797	-1.5503	-1.8155	-1.7848	21.041916139043202	148435.7187351838	abnormal
72	0.4450552273311072	0.30218340611353717	0.14549190855381458	0.0834318006678654	0.02383765733367583	-0.527	6.0609	3.5225	0.2625	-0.1676	8.168356937826427	13453.808171524463	abnormal
73	0.4636417673865664	0.26382009114325344	0.13948880523083024	0.11813948880523084	0.01490984743411928	-0.0358	5.1004	3.6509	1.2984	-0.9376	12.00253757572622	28223.035747717506	abnormal
74	0.37443475828632694	0.35443569064379277	0.14307025313505198	0.11486643979301664	0.013192858141811568	-0.8996	8.1798	4.2189	1.4073	-1.025	12.374072774266402	27954.192061420283	abnormal
75	0.7256827048114434	0.16365409622886862	0.053901170351105324	0.044148244473341994	0.01261378413524057	1.1328	0.3151	-0.3466	-1.0593	-1.273	36.88746730270509	381124.0701895771	abnormal
76	0.7125279642058165	0.21535728385313854	0.039413080668509015	0.026253454401894985	0.006448216870640873	0.8695	1.3986	-0.9111	-1.4364	-1.6538	51.05577070296284	712006.0398886098	abnormal
77	0.8031711711711711	0.13326126126126125	0.033441441441441434	0.022774774774774773	0.007351351351351351	0.8341	-0.6055	-1.1663	-1.6029	-1.6392	18.63334606634753	117086.07328092388	abnormal
78	0.8797296183331959	0.07732256203115984	0.022916494930343746	0.01434341769021515	0.005687907015085318	0.2654	-1.9519	-1.5279	-1.794	-1.7538	19.197179393565165	117578.28792043244	abnormal
79	0.7718366736464254	0.11815734370326055	0.05369428656895005	0.044196829195333534	0.012114866886030511	0.018	-0.9817	-0.6251	-1.2401	-1.4204	30.483607671447835	287116.78829748917	abnormal
80	0.6471702725828138	0.16348857107933015	0.07853563134091186	0.08794768365725461	0.022857841339689523	0.4796	0.5478	0.5459	0.2206	-0.8866	27.50973056355626	193247.2249522953	abnormal
81	0.6958799105717023	0.17119131267965507	0.05608431810923028	0.06196103481315873	0.014883423826253593	1.156	0.6211	-0.2543	-0.383	-1.38	143.77809308736443	5158536.525095125	abnormal
82	0.7232901891705599	0.11020908325036378	0.06027418243087999	0.08309718924714712	0.023129355901049246	-0.3208	-1.167	-0.3883	-0.1406	-0.9658	77.59223646943948	1709998.4956596927	abnormal
83	0.5903921894935374	0.13668386309424752	0.1217063293947967	0.12786375991568205	0.023353858101736284	0.9853	0.4409	2.571	1.5537	-0.8392	149.66097641887623	4930223.612062525	abnormal
84	0.6958799105717023	0.17119131267965507	0.05608431810923028	0.06196103481315873	0.014883423826253593	1.156	0.6211	-0.2543	-0.383	-1.38	143.77809308736443	5158536.525095125	abnormal
85	0.7232901891705599	0.11020908325036378	0.06027418243087999	0.08309718924714712	0.023129355901049246	-0.3208	-1.167	-0.3883	-0.1406	-0.9658	77.59223646943948	1709998.4956596927	abnormal
86	0.5903921894935374	0.13668386309424752	0.1217063293947967	0.12786375991568205	0.023353858101736284	0.9853	0.4409	2.571	1.5537	-0.8392	149.66097641887623	4930223.612062525	abnormal
87	0.7148920327624719	0.11340282948622485	0.07490692479523453	0.07944899478778852	0.01734921816827997	-0.1653	-1.0373	0.0139	-0.4256	-1.3041	103.16225731670991	3348458.07266584	abnormal
88	0.6364686568979145	0.1390527147808111	0.09041162522040494	0.11400255365720194	0.020064449443667542	0.8449	0.1364	1.0577	0.7883	-1.0488	178.13039643438955	7786903.453044101	abnormal
89	0.615017952209979	0.1767364120341711	0.10152284263959392	0.08951343320539805	0.01720935991085799	-0.0499	0.8095	1.2303	0.062	-1.0659	30.81678362619527	224071.26825017235	abnormal
90	0.6459865685960985	0.23082826990725933	0.06715701950751518	0.04330028781579788	0.012727854173329068	0.2134	1.8647	0.0822	-1.0518	-1.2941	79.37567553041788	1420160.15711445	abnormal
91	0.9419647681832919	0.048740948881443855	0.005511725926726468	0.0024856803198962498	0.0012968766886415216	-1.2043	-2.6646	-1.9832	-2.0601	-1.9637	63.61313360469481	1904128.8502437554	abnormal
92	0.8312528064660979	0.07220475976650202	0.03753929052537045	0.05101032779524024	0.007992815446789403	-0.8469	-2.1318	-1.173	-1.3421	-1.6978	104.12276712634386	4250803.074161787	abnormal
93	0.3963715846994536	0.20629508196721313	0.19226229508196727	0.1780546448087432	0.027016393442622955	-0.1457	3.8372	7.1932	3.6012	0.0977	32.05444678075691	167381.1365892464	abnormal
94	0.4258313166621852	0.17670520749305368	0.13202473783275073	0.2238953123599534	0.04154342565205701	-0.2355	2.4062	4.1692	4.9286	1.169	26.967459958617702	97835.60071188289	abnormal
95	0.6247422680412372	0.1548159057437408	0.09154639175257734	0.09997054491899854	0.028924889543446245	0.434	0.6018	1.1687	0.645	-0.3738	59.07687234918079	854110.8892542623	abnormal
96	0.6833374906460464	0.15066101272137689	0.06990521327014218	0.07701421800947866	0.019082065352955847	0.6751	0.2362	0.2315	-0.2308	-0.9994	77.76114449007284	1661859.7991716592	abnormal
97	0.5414716447153587	0.13535430499619028	0.10776096658321542	0.18052683139218462	0.03488625231305106	0.0121	0.317	2.3669	2.8456	0.0642	59.80075045811525	755078.0808012686	abnormal
98	0.6712627986348124	0.11849829351535837	0.08034129692832766	0.11167235494880547	0.01822525597269625	-0.183	-0.7592	0.5237	0.2337	-1.1789	108.47902629002007	3479606.1050351174	abnormal
99	0.5486133768352366	0.14817835780315392	0.11332245785753128	0.12251223491027734	0.06737357259380099	0.1077	0.803	2.4428	1.5224	2.5085	56.98683605593885	698317.9251766944	abnormal
100	0.6349187730924872	0.17424197994252535	0.08398334408539088	0.08961351240396456	0.017242390475631926	0.6527	1.0427	0.8879	0.3139	-1.1512	52.17725863409691	607746.5892821512	abnormal
101	0.47235740704691453	0.22975472065407823	0.14303095191746154	0.14405294919213546	0.010803971189410162	0.1062	3.7922	4.1663	1.8647	-1.347	44.27363134477161	377823.7197451168	abnormal
102	0.6763444155048262	0.1133752106633982	0.09384096828558297	0.08840202236862266	0.028037383177570097	-0.6167	-1.1279	0.5335	-0.2324	-0.6713	54.80556195170798	903827.4548713975	abnormal
103	0.5231412361899074	0.14208221359609835	0.1514382402707276	0.12346969244550612	0.05986861749776053	0.6146	1.0627	3.9272	2.1105	2.3033	40.80128741941022	326117.3205946621	abnormal
104	0.557621413688091	0.1494363412940108	0.12213495752524442	0.12897366030881016	0.04183362718384356	0.6478	1.1011	2.5491	1.7032	0.9545	49.86662744332994	531191.6446834849	abnormal
105	0.5517279210093253	0.19012616566099838	0.11206801974766868	0.08979703784969831	0.05628085573230938	0.0596	1.8103	1.9788	1.075	1.6625	20.4456774710632	101173.20517582059	abnormal
106	0.5279147537266905	0.23561752536416714	0.11471971886867315	0.08048517825766593	0.04126282378280339	-0.269	2.7852	1.8529	0.5277	0.5811	18.264195173899594	77195.45522190066	abnormal
107	0.5292551830048631	0.0949065779370361	0.10345533657537753	0.1815203480931661	0.0908625543895572	0.1681	-0.5218	2.1642	4.3428	4.3284	25.15229915178616	127377.29882127434	abnormal
108	0.6654731457800511	0.10332480818414322	0.08125685056631347	0.11786627694556083	0.03207891852393131	-0.6575	-1.2414	0.2036	0.4634	-0.4978	29.985664045487503	302608.25519478205	abnormal
109	0.667296521799986	0.08622016936104696	0.125831058856463	0.08139128000559871	0.039260969976905306	-0.3615	-1.472	1.3306	-0.0191	0.0832	13.013659861954725	48199.89447903393	abnormal
110	0.7014975715056665	0.16547490555855368	0.054101457096600095	0.0676605504587156	0.01126551538046411	0.3146	0.2032	-0.3892	-0.4288	-1.5281	151.83344677483507	5279819.475812274	abnormal
111	0.5919011900062038	0.22446562517624497	0.09271896678134339	0.07371270655913371	0.017201511477074046	1.2265	2.672	1.2889	0.0072	-0.9364	38.478531172503146	314531.5694566823	abnormal
112	0.47828987887497426	0.33145144734140836	0.11840484500102647	0.06164032026277971	0.010213508519811126	0.0442	6.4347	2.4385	-0.1545	-1.3806	22.03082870421603	90317.53954613442	abnormal
113	0.5884926580761163	0.12837878333832786	0.08624513035660773	0.16356008390770152	0.03332334432124663	0.0951	-0.1102	0.9779	2.4398	-0.3775	53.65700442691231	524138.12001152267	abnormal
114	0.541834521227146	0.16682160933787835	0.10758186137795685	0.14425162689804774	0.03951038115897119	0.844	1.5058	2.2421	2.7198	0.2821	86.18373750236552	1312786.0372597633	abnormal
115	0.6433584444015196	0.12941858219045782	0.07990470671560106	0.11576846307385229	0.031549803618569315	0.2186	-0.2955	0.5827	1.2521	-0.5813	123.61746752235607	3469485.1530031445	abnormal
116	0.5589489019586683	0.18831273943775967	0.11876112879728053	0.10694436950304861	0.027032860303242864	0.3586	1.8227	2.357	0.8168	-0.2424	27.62540981835782	174208.8202878258	abnormal
117	0.60621459026926	0.19998831843934348	0.1014543543017347	0.07733193154605454	0.015010805443607264	0.3301	1.671	1.5078	-0.1504	-1.1324	32.57797050881671	232319.02733029574	abnormal
118	0.6036930242874571	0.14517023400243984	0.06143950316069646	0.08306532106021959	0.1066319174891871	0.9619	0.5161	0.179	0.7877	5.776	17.20058580804788	67409.80050133387	abnormal
119	0.6018498367791076	0.13014145810663763	0.06898803046789988	0.16186071817192596	0.03715995647442872	1.2428	0.2055	0.5516	3.0192	0.2288	63.57160897108246	847665.763982892	abnormal
120	0.6044495810459405	0.09494365790234036	0.06402773764807858	0.20283155157468938	0.033747471828951166	0.4601	-0.9042	0.2643	4.3088	-0.1671	73.14607483598259	1311239.1184758903	abnormal
121	0.6761862358478564	0.1408217783996947	0.0622694313700547	0.09903320188271213	0.02168935249968197	0.646	-0.0672	-0.0485	0.5962	-0.9558	58.11031414417649	896370.7316893531	abnormal
122	0.7573634543894767	0.14569631112382045	0.043680297397769526	0.0469688304260795	0.006291106662853876	0.5044	-0.3492	-0.8058	-1.0872	-1.742	46.8638231433146	615443.2920172054	abnormal
123	0.6444197941702102	0.22142108830960744	0.05453873174339064	0.06507672397855425	0.014543661798237505	0.6886	1.8323	-0.2044	-0.405	-1.1501	56.12438931317952	780911.0074396618	abnormal
124	0.5753343399482312	0.20723684210526314	0.09884598792062121	0.10752804141501293	0.011054788610871441	0.7689	2.1964	1.7846	0.8376	-1.3239	58.60797980326121	703431.5746284744	abnormal
125	0.6405574828068894	0.22518410321952406	0.07437161463088066	0.05045341123486093	0.009433388107844927	0.7538	1.9716	0.4275	-0.8301	-1.4929	46.134978493782306	519650.2351489996	abnormal
126	0.7040749902356463	0.1455539643275615	0.0652909777372738	0.0738185132144252	0.011261554485093087	0.4557	-0.0728	-0.0272	-0.3452	-1.4386	47.75993893392304	629131.7372378545	abnormal
127	0.7146840148698886	0.19456983536909192	0.05390334572490707	0.029673393520977167	0.007169410515135424	0.6986	0.9217	-0.4632	-1.3995	-1.6622	89.15587441030262	2178818.8128746348	abnormal
128	0.8263366182975092	0.09528982695739893	0.04438581516256693	0.024986420423682782	0.009001319158842244	0.2506	-1.5177	-0.9226	-1.5635	-1.6095	128.56927690836886	5265217.705969687	abnormal
129	0.8204339378238342	0.12087111398963729	0.032950129533678756	0.019591968911917095	0.006152849740932642	-0.068	-1.1537	-1.2736	-1.7111	-1.7559	144.1776444123949	6886014.490383011	abnormal
130	0.5328569881996319	0.22593915773519538	0.17678900075782178	0.048717115946735945	0.015697737360614916	0.4239	3.5262	4.063	-0.6858	-0.9619	18.332724889534116	67452.9278834842	abnormal
131	0.7977434499469939	0.1487202786612146	0.02968347720733	0.017719218537028625	0.0061335756474329844	0.4165	-0.4504	-1.3094	-1.7408	-1.7299	172.05884159287135	8763238.128249714	abnormal
132	0.6426847218133647	0.1909331763320577	0.10303208713570798	0.04869002060641743	0.014659994112452163	0.9548	1.632	1.3699	-0.8241	-1.1443	21.382160335841036	107549.50740796632	abnormal
133	0.6599025974025975	0.1123511904761905	0.04403409090909092	0.09584686147186149	0.08786525974025974	-0.2393	-0.8744	-0.7051	0.5915	3.3764	55.067527317921744	925957.3141476756	abnormal
134	0.7006325154653507	0.10446931257385138	0.043789532216584416	0.07270452491832904	0.07840411482588447	-0.0164	-1.1467	-0.7438	-0.1115	2.9435	72.06755805730296	1417484.6334666496	abnormal
135	0.809337506520605	0.09659189706138062	0.03164667014432272	0.03695009563554164	0.025473830638149883	-0.6362	-1.6956	-1.2885	-1.3453	-0.7366	72.87063209615324	1689860.1645778716	abnormal
136	0.699478193648135	0.14275591058429424	0.04502995554982928	0.06358307028280615	0.049152869934935256	0.8976	-0.0343	-0.5981	-0.0982	1.0064	36.43016270764737	351319.83574256883	abnormal
137	0.7439488615959204	0.13739854916325503	0.036127271421389065	0.05006105006105006	0.0324642677583854	0.3868	-0.5516	-0.9764	-0.8669	-0.11	61.22736393954287	1082017.2292207484	abnormal
138	0.7581783194355356	0.11994868505452214	0.057889672867222575	0.05275817831943553	0.011225144323284156	-0.1889	-1.0589	-0.5743	-1.0897	-1.4771	131.7044551049077	5279274.670233898	abnormal
139	0.6630610468730573	0.18836255128683327	0.07764515727962203	0.0597413900285963	0.011189854531891084	1.0381	1.3128	0.4444	-0.4836	-1.3903	142.71716252852204	5009710.475754725	abnormal
140	0.5435354783262609	0.26808830638663583	0.11425041628619004	0.06891550733200838	0.005210291668904765	1.1279	3.775	2.3432	-0.4114	-1.6918	32.1006041627892	211017.66531331177	abnormal
141	0.7322814109669428	0.1509421660037817	0.044858838103931674	0.047988524483275743	0.023929060442068207	1.1318	0.0292	-0.6917	-0.8825	-0.5974	57.22056204462008	822228.8345353203	abnormal
142	0.5677698975571317	0.23820781267589783	0.06968366542834628	0.08865248226950356	0.035686142069120796	0.1676	2.7509	0.4935	0.5191	0.1948	36.59859258499592	324943.71383742517	abnormal
143	0.4941938135854485	0.23111704860754287	0.10512794162984276	0.11900113040797451	0.05056006576919124	0.0282	3.3059	2.2894	2.0561	1.4348	45.483946054615686	438309.97300764354	abnormal
144	0.6159320764140341	0.20595579972530903	0.06136846048195779	0.08534149082282431	0.03140217255587464	-0.0473	1.4527	0.0408	0.1721	-0.2719	40.98238249719855	437674.39410626475	abnormal
145	0.5274192698730444	0.28794184270136436	0.08444397618922193	0.07348680398251067	0.026708107253858717	0.4734	4.9053	1.2391	0.2813	-0.2715	33.697634027352976	237309.31243160597	abnormal
146	0.7781289506953223	0.129582806573957	0.03392330383480825	0.04607388678185138	0.01229105211406096	1.0094	-0.6128	-1.0795	-0.971	-1.3939	78.90698455299008	1927122.3881401427	abnormal
147	0.8568801471176143	0.07635723994563046	0.03382106020628448	0.025745582473814664	0.007195970256656272	0.4102	-1.8952	-1.1732	-1.6162	-1.6935	120.71861723549723	5571471.23913801	abnormal
148	0.7650187956592664	0.15220937655152844	0.02957656571388041	0.03815873466203276	0.01503652741329172	0.8569	-0.2113	-1.2431	-1.1421	-1.247	96.27346720942715	2865779.5142873027	abnormal
149	0.7728795492614587	0.10050251256281409	0.04339881224303335	0.06349931475559617	0.01971981117709761	-0.042	-1.3917	-0.8298	-0.628	-1.0721	122.9380549148258	4926289.883507997	abnormal
150	0.8441998306519898	0.08475867908552073	0.024047417442845047	0.029974597798475867	0.0170194750211685	-0.2594	-1.8716	-1.5014	-1.389	-1.2739	58.44663114754162	1129258.504149433	abnormal
151	0.48701771414705175	0.16151419558359623	0.09434603251637952	0.18699344819218638	0.07012860956078622	0.2092	1.4399	1.9888	3.4076	3.1412	31.944970111497486	193231.56925581073	abnormal
152	0.6146626078132927	0.14884576357179097	0.1128234398782344	0.09081684424150177	0.03285134449518011	-0.1281	0.2458	1.6277	0.3215	-0.2126	16.799897852380017	76101.43364944294	abnormal
153	0.5948990311661024	0.19510913972218977	0.09828411345862027	0.08672814287381814	0.024979572779269283	0.4863	1.5421	1.3027	-0.0887	-0.4838	39.83179863318425	323735.80863996857	abnormal
154	0.7637217242851047	0.12940674349125056	0.05864276568501921	0.039351259069568933	0.008877507469056764	-0.4078	-1.0406	-0.7226	-1.4045	-1.6562	64.16950191153866	1157267.898630478	abnormal
155	0.6150759878419452	0.23738601823708205	0.09148936170212764	0.04133738601823708	0.0147112462006079	0.5167	2.3459	0.8426	-1.015	-1.2119	51.73600777384632	712259.1610107374	abnormal
156	0.5417430142006413	0.17361429225836006	0.12322491983508932	0.11744159413650938	0.0439761795693999	0.0217	1.0879	2.3414	1.4824	0.5726	31.85575593569031	237083.44182156996	abnormal
157	0.6713846547969771	0.24010503394389648	0.03964390931215575	0.03759446650441911	0.011271935442551556	1.0157	2.1452	-0.8307	-1.2558	-1.3606	36.71150662452928	334251.58552915946	abnormal
158	0.5855613374005623	0.2790238650637	0.06375979424606736	0.054728153597703215	0.016926849691967224	0.9155	3.5057	0.0831	-0.6818	-0.9523	14.655443168609512	46921.57602303203	abnormal
159	0.6689375172034131	0.10817506193228736	0.10088081475364713	0.10170657858519129	0.02030002752546105	-0.2906	-0.9706	1.0165	0.2284	-1.0408	45.31655192298735	561558.7791680103	abnormal
160	0.5387543443482098	0.1479560876041264	0.12644122027914156	0.1529210569868152	0.03392729078170684	-0.0701	0.7054	2.7739	1.9176	0.1175	46.223331311407215	441673.13144749624	abnormal
161	0.6424933146568191	0.1578377690054756	0.0903476378454094	0.09022029797529606	0.019100980516999874	0.1425	0.2471	0.8759	0.0154	-0.9393	73.47535081980112	1434469.894161915	abnormal
162	0.3652684770551744	0.250893554085699	0.20253892609177931	0.1371759582597264	0.04412308450762088	-0.1773	5.5968	7.6625	2.9391	1.7807	43.84302509300132	304999.5042238806	abnormal
163	0.40963132635253063	0.4550065445026179	0.08295157068062829	0.045320680628272256	0.007089877835951135	-1.2392	8.3968	0.9407	-0.9193	-1.5799	39.99584889690871	369133.1706784911	abnormal
164	0.4853446130878328	0.2580741477979597	0.14376710624533465	0.08325454093057974	0.029559591938293106	0.2719	4.1404	3.5995	0.6851	0.14	12.698354327732984	31044.559031869103	abnormal
165	0.7210714742360312	0.13009845288326302	0.059327451732515024	0.060669991049737894	0.028832630098452886	1.1507	-0.2192	-0.2076	-0.3454	-0.4091	13.185092034596263	41763.31965714195	abnormal
166	0.7374003466204506	0.1297746967071057	0.053032928942807624	0.05351819757365685	0.026273830155979203	0.5803	-0.5004	-0.5421	-0.8904	-0.5509	28.943537606992596	239169.5319500533	abnormal
167	0.7084356540784494	0.10678967279484965	0.0461272980686268	0.10267471958584987	0.03597265547222406	0.5478	-0.9285	-0.6238	0.2908	0.0858	40.86440510475687	449802.80301982496	abnormal
168	0.6596638655462185	0.16972422771925672	0.04834891703160137	0.0885903657237543	0.03367262397916913	1.362	0.854	-0.3735	0.4026	0.1062	47.72454074919517	527173.9817044705	abnormal
169	0.685754101475898	0.12548299233546592	0.04529042883385064	0.1036295686324191	0.03984290872236651	0.7048	-0.4149	-0.6234	0.2591	0.7189	61.63984205442292	949634.017684792	abnormal
170	0.428169756611897	0.17880678323521657	0.09603725507424654	0.22049907740971794	0.07648712766892188	0.2831	2.5696	2.5114	5.7231	4.5098	26.215164918347796	115360.57371454372	abnormal
171	0.5797203243726454	0.08364727667454186	0.18261924525892342	0.14373283953770513	0.010280314156184151	-0.7832	-1.2885	3.7039	0.6665	-1.4593	61.74663847614462	937330.7169604028	abnormal
172	0.737383525903839	0.1073425270219903	0.06172195303764443	0.07871785314945956	0.014834140887066718	-0.037	-1.2148	-0.3864	-0.4652	-1.2996	52.59834836929748	844672.5459261258	abnormal
173	0.5580967563921762	0.14654485253540991	0.10245876509902509	0.16641118400882948	0.02648844196455945	-0.4758	0.1832	1.3869	2.3486	-0.5294	46.724979076561226	562173.9197044686	abnormal
174	0.5236078521146913	0.11743833342871858	0.10736564985978365	0.21375837005665885	0.037829794540147656	-0.5295	-0.267	1.9537	3.7167	0.3623	34.975752368789934	300166.74208811263	abnormal
175	0.5804763304910321	0.1360776242281682	0.09497206703910616	0.16342252278741545	0.025051455454278154	0.0292	0.0825	1.35	2.2029	-0.5106	53.52564738118611	718390.3806484763	abnormal
176	0.8588560007613973	0.10316931569429906	0.01789283334919578	0.013990672884743507	0.00609117731036452	-0.6336	-1.759	-1.7096	-1.8311	-1.7943	64.41787549912787	1621258.5504793609	abnormal
177	0.6696720764041941	0.1767180925666199	0.0706605222734255	0.07012622720897616	0.01282308154678421	0.293	0.5124	0.1445	-0.549	-1.3682	51.604374801524365	731909.4700529828	abnormal
178	0.7703950355683367	0.13182987740275465	0.05009838050552445	0.035492659300741636	0.012184047222642653	0.2011	-0.7755	-0.7204	-1.2771	-1.4539	65.90639089273417	1304694.6005921338	abnormal
179	0.8293348311000563	0.09756880365883015	0.032736901227633806	0.03313808874267834	0.007221375270801573	0.1526	-1.4526	-1.2581	-1.3995	-1.7027	82.46397467129843	2086616.8465455282	abnormal
180	0.8312709916917096	0.09784337988333042	0.028725472865476408	0.03243768782039952	0.009722467739084322	-0.6349	-1.6892	-1.4073	-1.4748	-1.6094	56.29535045690152	1017678.8230780557	abnormal
181	0.4512416168207358	0.18334239622983503	0.13617001993837227	0.1517128874388254	0.07753307957223128	0.3434	2.7202	3.9001	3.8347	4.0841	33.85613105451808	207432.31981899642	abnormal
182	0.6283674736188704	0.15468653010552455	0.08175046554934826	0.09826194909993793	0.03693358162631906	0.2328	0.3313	0.6535	0.3364	0.1413	31.145218200416984	226592.87033334302	abnormal
183	0.633672586975321	0.15505887048493316	0.07556708574469502	0.10024612519124594	0.035455331603804964	-0.2901	0.1211	0.2407	0.1118	-0.0092	48.17422003786037	685006.1623042593	abnormal
184	0.5628169014084508	0.16794992175273865	0.0814397496087637	0.15286384976525821	0.03492957746478874	-0.6857	0.6463	0.508	1.2779	-0.0351	57.79447643555046	812396.0982373413	abnormal
185	0.6695913609031783	0.12657994845993376	0.06865873113265432	0.09148361762179409	0.04368634188243956	0.8502	-0.2382	0.2347	0.2185	0.7352	31.171713179079607	228189.34485719347	abnormal
186	0.6260433009099466	0.1784750549105742	0.059742704737998115	0.09206149984311264	0.04367743959836837	0.6197	0.8603	-0.1013	0.3846	0.5621	36.09797903826682	320043.7873634514	abnormal
187	0.8134636782705453	0.09656652360515021	0.0277380384676522	0.04268001907486886	0.0195517405817835	0.1097	-1.4905	-1.3689	-1.1544	-1.1229	45.07060298639256	626092.2798328496	abnormal
188	0.5711252653927813	0.22129674995917034	0.08922641406717839	0.09053296314442812	0.027818607436441833	0.7995	2.9687	1.3318	0.5252	-0.257	30.818338345517425	206893.79483113464	abnormal
189	0.651562599859398	0.16015849683645428	0.06199271425832428	0.09867706269572443	0.027609126350099062	0.2487	0.4189	-0.0019	0.1644	-0.3914	25.317072658783715	167416.52125563927	abnormal
190	0.44679307342555863	0.2024281706491245	0.22535551900938375	0.11231498500532068	0.013108251910612363	-0.0496	3.0743	7.0851	0.8544	-1.0709	53.64755479616628	534355.892690152	abnormal
191	0.5602196726659779	0.20993964439127835	0.13870915121526833	0.08232287531944973	0.008808656408025665	1.0085	2.3371	3.1419	-0.1136	-1.4685	27.766550297517632	174109.18249291996	abnormal
192	0.5510712770470937	0.2073610521849809	0.13974331777683496	0.08649766652524396	0.015326686465846414	1.1457	2.4533	3.3062	0.1415	-0.9816	6.5501865432560935	9136.738057516313	abnormal
193	0.9501531934951685	0.039712467593683715	0.0065991044072590144	0.002710346452981381	0.0008248880509073768	-1.3041	-2.8175	-1.975	-2.0577	-1.9936	119.90396035454489	8969654.161142424	abnormal
194	0.8790250044972118	0.08274869580859867	0.023745277927684837	0.012052527432991548	0.002428494333513222	-0.1998	-1.9341	-1.5528	-1.8952	-1.9261	85.98273121639953	2801656.1553076543	abnormal
195	0.5557035291707216	0.15637965476617322	0.1445986784817907	0.11734876811965374	0.025969369461660605	0.8218	1.3571	3.4774	1.2794	-0.0789	30.83123216068601	196816.49607005762	abnormal
196	0.5601591187270502	0.20538555691554466	0.09534883720930232	0.1142594859241126	0.024847001223990205	-0.4205	1.3412	1.1964	0.8926	-0.6218	55.79566660541251	765639.0921751026	abnormal
197	0.5990135184508587	0.1744610887833394	0.07861405431737913	0.10461575934721716	0.0432955791012057	0.0189	0.6654	0.6561	0.641	0.8186	74.65469018792032	1390313.910405071	abnormal
198	0.8170216225004066	0.08397008616485124	0.024792716631442044	0.04576491627377662	0.02845065842952366	-0.0653	-1.813	-1.4426	-1.0098	-0.7717	52.937371006590055	1017787.8854762741	abnormal
199	0.7586890351808594	0.11736391307425496	0.03355277128902102	0.05188645855454095	0.0385078219013237	0.5269	-0.9397	-1.1112	-0.7645	0.4226	29.20165946067679	241373.6993497779	abnormal
200	0.6424753533673834	0.15108682741418222	0.06467513956526903	0.09009383537237202	0.05166884428079344	1.147	0.3643	0.1275	0.5604	1.6763	9.645975202040217	22932.119864737848	abnormal
201	0.4313380281690141	0.24783315276273027	0.17429577464788734	0.12459371614301194	0.021939328277356448	0.4256	5.0812	5.6675	1.7364	-0.4314	25.083694706965076	118535.77418867646	abnormal
202	0.6140221819827977	0.1912630149388864	0.08878451788139431	0.08618153010411951	0.019748755092802175	1.5683	1.8369	1.0673	0.1936	-0.7954	11.48794426676061	28283.066315611344	abnormal
203	0.5477760776658049	0.178494169788424	0.13332981586028597	0.10589352609085634	0.03450641059462882	1.4078	1.8723	2.8553	1.1105	0.3786	42.71178084574482	392570.28157123213	abnormal
204	0.7017023471756514	0.1318674232654114	0.0613231880319835	0.0784111426360588	0.026695898890895024	1.2707	-0.2801	-0.1756	-0.1049	-0.4809	46.436662609735244	560167.8056709901	abnormal
205	0.6654189650643552	0.134883110060415	0.08451536643026004	0.0843840294194904	0.030798529025479374	0.7262	-0.2826	0.5988	-0.0219	-0.2179	15.333398296456584	61698.407172513784	abnormal
206	0.43569737880248965	0.18365915665819232	0.16744104497238538	0.19461734022968352	0.018585079337249056	0.3594	2.994	5.9547	4.9616	-0.7259	19.636887031564108	61892.45937307815	abnormal
207	0.5221518987341772	0.18237035524703962	0.16368926092282565	0.12239689669252758	0.009391588403429973	0.272	2.0106	4.6534	1.3884	-1.4513	17.37269201662614	59553.60211086583	abnormal
208	0.6752525252525252	0.15223665223665223	0.1077200577200577	0.05606060606060606	0.008730158730158729	-0.4531	-0.199	0.9614	-0.9421	-1.627	59.57386884226394	1022637.322735733	abnormal
209	0.5656926165514164	0.2664510372518403	0.10746152130269908	0.053702877537363365	0.006691947356680794	0.3617	3.473	1.9152	-0.7471	-1.6216	66.11083224128147	960675.6118570744	abnormal
210	0.33301120989563204	0.42568612292230384	0.20105334364128336	0.03594897564746811	0.004300347893312718	-0.9574	9.3997	6.0519	-1.1466	-1.7159	62.15357981091569	710586.4218298511	abnormal
211	0.46234735413839895	0.25155068811785236	0.1462008141112619	0.12105059119984495	0.018850552432641988	0.2878	4.1469	4.1842	1.389	-0.5374	7.308593040068941	10220.4460214421	abnormal
212	0.6933739950097033	0.18963127252564457	0.05676462434155808	0.036872747435541996	0.02335736068755198	0.4081	0.6112	-0.4254	-1.2062	-0.7127	59.856621589396724	1004748.6091738008	abnormal
213	0.6133615277869557	0.2556003436199035	0.06852573845238882	0.040375338663847224	0.02213705147690478	-0.3358	2.0458	0.0333	-1.1125	-0.7432	62.37997766552277	1103278.0282676562	abnormal
214	0.723305208030259	0.22294151876636606	0.03280477160314228	0.014693046261274368	0.006255455338958395	0.2006	0.9061	-1.211	-1.7809	-1.689	142.36612714392035	5889047.981006383	abnormal
215	0.5575696542463914	0.28202976390287565	0.09622915967326842	0.049121629182052144	0.01504979299541233	0.6904	3.8743	1.3516	-0.7923	-0.9432	48.021468924761784	516625.60231444327	abnormal
216	0.46882065928834954	0.41104367487801985	0.05450434368677854	0.047364036653576115	0.018267285493276216	-0.3192	6.0657	-0.1434	-0.8878	-0.7596	34.26100813268762	271487.73251206346	abnormal
217	0.7423299872755549	0.1653470945850417	0.0325887176587021	0.032659409020217724	0.027074791460483527	0.3588	0.0424	-1.1922	-1.1736	-0.4726	106.60654113803193	3356046.174882248	abnormal
218	0.3671343788075306	0.1618912864049051	0.2103918563062532	0.2169948512360964	0.0435876272452148	-0.0879	2.8341	9.1004	6.6044	1.1902	36.13735874049824	199239.81349115758	abnormal
219	0.7590395480225989	0.13926553672316383	0.04519774011299436	0.03898305084745763	0.01751412429378531	0.6397	-0.4887	-0.7878	-1.1113	-1.0576	53.39859681038352	798267.8917288661	abnormal
220	0.7671660867712846	0.13228715472555563	0.042462543492153663	0.038912163601505366	0.019172051409500818	0.6474	-0.6412	-0.8788	-1.1441	-0.9708	65.06980702315147	1224841.4914222362	abnormal
221	0.7719902095762582	0.11159553311916781	0.035566773749426336	0.053617867523328734	0.027229616031818876	0.0993	-1.215	-1.1202	-0.7486	-0.6048	17.8841314250885	103491.74154157087	abnormal
222	0.7376439985135637	0.11490152359717574	0.048903753251579335	0.06153846153846153	0.037012263099219615	-0.0859	-1.1002	-0.674	-0.6503	-0.1646	65.24537961923441	1230722.6603165735	abnormal
223	0.7742228273201724	0.15135012480145224	0.028061417441948414	0.036305877013841616	0.01005975342258528	0.2758	-0.481	-1.3239	-1.2771	-1.5633	122.05887719658314	4676552.082912785	abnormal
224	0.6504369538077404	0.16591760299625466	0.06385767790262172	0.07203495630461923	0.047752808988764044	0.3363	0.6015	-0.0263	0.1578	0.7811	22.646861626646434	140727.6089569383	abnormal
225	0.5082344517184942	0.1454582651391162	0.08193535188216039	0.1998772504091653	0.06449468085106383	0.183	0.8567	1.471	5.3641	2.4619	12.28366147957374	31941.055652986754	abnormal
226	0.6016161838271672	0.1089000054972239	0.0764663844758397	0.17035896872079598	0.042658457478973115	0.692	-0.3947	0.8994	3.9536	0.7	15.099662166927356	50732.7373615897	abnormal
227	0.4811944504660741	0.21910903967049639	0.08042488619119878	0.1704422284847171	0.048829395187513544	-0.6799	2.4638	1.0444	4.1648	1.2243	37.40596394198818	303106.4416919985	abnormal
228	0.6175802411603658	0.21156870740373973	0.07333838177899459	0.08481388710898817	0.01269878254791169	0.7524	1.9174	0.6411	0.0847	-1.305	29.653803452064427	200320.4830922384	abnormal
229	0.7670170351576657	0.1313519391083726	0.03515766582094962	0.052555273649873134	0.013918086263138816	0.3581	-0.7422	-1.0619	-0.9227	-1.372	77.15351736734456	1964226.4368438588	abnormal
230	0.40602414671846926	0.13017504282073775	0.06997535196557629	0.31925471028115465	0.0745707482140619	0.0212	1.1808	1.6506	11.3826	4.2904	37.86932158771401	252847.9106961691	abnormal
231	0.53706649697741	0.11719164280411495	0.04984621911125252	0.25633683317424966	0.03955880793297274	0.1351	-0.1987	-0.1133	6.3793	0.4668	50.07269016060315	614536.0581343523	abnormal
232	0.39835320840431565	0.20163056704794352	0.1088667153403099	0.22414212703820877	0.06700738216922203	0.5615	3.9731	3.8588	7.2577	3.822	13.723553720910514	30671.808648993712	abnormal
233	0.6105452366686639	0.15410425404433795	0.0738166566806471	0.12995805871779512	0.031575793888556025	0.0687	0.4217	0.5379	1.6583	-0.2319	25.85756559535149	153501.14969418387	abnormal
234	0.5019678505381953	0.17340793778747213	0.10327658969130825	0.19190099103798186	0.029446630945042438	0.6088	2.0933	2.9558	4.3988	0.0993	22.33270249042213	102811.04011010063	abnormal
235	0.4884177690485818	0.29253076078793827	0.08745884119923748	0.08820980879209751	0.04338282017214488	-0.5372	4.0647	0.9407	0.6963	0.486	30.797923722852442	203072.91768118358	abnormal
236	0.6047133138969873	0.18087949465500486	0.0793245869776482	0.10641399416909621	0.02866861030126336	0.4712	1.1636	0.7374	0.6915	-0.3813	34.64243107156524	258774.15439098352	abnormal
237	0.7160574412532639	0.12728459530026112	0.07354221061792866	0.06933565419205108	0.013780098636495507	-0.1112	-0.7288	-0.0254	-0.5289	-1.3663	42.967037040571476	624317.3004586211	abnormal
238	0.6224428399518652	0.1976534296028881	0.0835138387484958	0.07436823104693141	0.022021660649819495	0.6342	1.4275	0.7619	-0.3039	-0.698	47.3690077696227	558804.1796193317	abnormal
239	0.44412219644238204	0.25667053364269143	0.10624516627996906	0.16183294663573086	0.031129156999226606	0.422	4.5008	2.4898	2.8585	0.3096	52.87496265670152	518248.2194211259	abnormal
240	0.7612506320579808	0.11924827237485253	0.047615034552502954	0.05798078543738413	0.013905275577279625	-0.5933	-1.2388	-0.9035	-1.0862	-1.3878	58.95844996793959	1091585.82358072	abnormal
241	0.5844705882352941	0.30198319327731094	0.06063865546218487	0.04692436974789916	0.005983193277310924	0.7275	3.5891	-0.2466	-1.0635	-1.7306	75.19387851950925	1361579.536028197	abnormal
242	0.6505968066966362	0.08332041543946675	0.06944659742675555	0.1548597116726089	0.041776468764532636	-1.0852	-1.7108	-0.2037	1.1635	-0.2119	74.67079611259334	2010378.8066864877	abnormal
243	0.517457886676876	0.14691168963757018	0.1298111281265952	0.14716692189892802	0.05865237366003063	0.3346	1.0178	3.0545	3.3213	1.8071	15.636848248359117	49498.79104397886	abnormal
244	0.5790683229813666	0.13763975155279504	0.10540372670807453	0.1498136645962733	0.028074534161490684	-0.4496	-0.0606	1.4667	1.5513	-0.4924	11.1299887709476	32215.082410369752	abnormal
245	0.630569524032277	0.1446614431060695	0.07700853701321483	0.1048415390012864	0.042918956847152384	0.6696	0.2752	0.7418	0.6147	0.7504	27.657206571889667	180563.5942028377	abnormal
246	0.6903727117081523	0.12906624522586593	0.07816409851178717	0.07882259976293955	0.023574344791255104	0.2538	-0.3776	0.444	-0.214	-0.7202	34.148932967213206	337059.8641735872	abnormal
247	0.7078667219687542	0.16943177104935708	0.04838932669708281	0.052675238490253	0.02163694179455274	0.2414	0.2279	-0.6336	-0.7713	-0.8932	67.47914313845129	1287779.7450762657	abnormal
248	0.7030323005932763	0.16051417270929466	0.04838497033618985	0.06545814106789717	0.022610415293342123	0.7513	0.2279	-0.5259	-0.5237	-0.7181	87.02241966631578	1822651.864520812	abnormal
249	0.40761715372643953	0.21463773128134184	0.22414836590005185	0.1073404807193498	0.04625626837281687	0.2725	3.8057	8.2882	1.8737	1.9477	19.37251578744939	63160.532418959614	abnormal
250	0.4935437589670015	0.13375295043273014	0.0837228675892072	0.18702272411718426	0.10195769889387699	0.8596	0.9638	1.7346	4.544	6.2045	30.957744648681967	174783.06822177445	abnormal
251	0.6545073375262055	0.11422581611260857	0.06576819407008086	0.12153339323150644	0.04396525905959869	0.7263	-0.4871	0.1436	1.505	0.5799	77.23653166192432	1454272.9715051216	abnormal
